country,year,period,metric,value,unit,source,frequency,population,signal_role,comparison_period,comparison_value,source_url
GBR,2026,2026-08,stepchange_full_advice_completions,14576,people per month,stepchange,monthly,new clients completing full debt advice,high_frequency_stress,2025-08,12768,https://www.stepchange.org/policy-and-research/personal-debt-statistics-in-the-uk/monthly-client-report-august-2026.aspx
GBR,2026,2026-08,stepchange_credit_for_living_costs,11,percent of clients,stepchange,monthly,new clients completing full debt advice,high_frequency_stress,2025-08,8,https://www.stepchange.org/policy-and-research/personal-debt-statistics-in-the-uk/monthly-client-report-august-2026.aspx
GBR,2026,2026-08,stepchange_clients_with_credit_card_debt,75,percent of clients,stepchange,monthly,new clients completing full debt advice,high_frequency_stress,2025-08,69,https://www.stepchange.org/policy-and-research/personal-debt-statistics-in-the-uk/monthly-client-report-august-2026.aspx
GBR,2026,2026-08,stepchange_clients_with_personal_loan_debt,56,percent of clients,stepchange,monthly,new clients completing full debt advice,high_frequency_stress,2025-08,50,https://www.stepchange.org/policy-and-research/personal-debt-statistics-in-the-uk/monthly-client-report-august-2026.aspx
GBR,2026,2026-08,boe_net_consumer_credit_borrowing,2.5,GBP billions per month,bank_of_england,monthly,UK individuals,credit_activity_and_stress,2026-07,2.1,https://www.bankofengland.co.uk/statistics/money-and-credit/2026/august-2026
GBR,2026,2026-08,boe_net_consumer_credit_borrowing,2.5,GBP billions per month,bank_of_england,monthly,UK individuals,credit_activity_and_stress,2026-02_to_2026-07_six_month_average,1.9,https://www.bankofengland.co.uk/statistics/money-and-credit/2026/august-2026
GBR,2026,2026-08,boe_consumer_credit_annual_growth,9.6,percent year on year,bank_of_england,monthly,UK individuals,credit_activity_and_stress,2026-07,9.3,https://www.bankofengland.co.uk/statistics/money-and-credit/2026/august-2026
GBR,2026,2026-08,boe_net_credit_card_borrowing,1.2,GBP billions per month,bank_of_england,monthly,UK individuals,credit_activity_and_stress,2026-07,0.9,https://www.bankofengland.co.uk/statistics/money-and-credit/2026/august-2026
GBR,2026,2026-08,boe_credit_card_borrowing_annual_growth,13.3,percent year on year,bank_of_england,monthly,UK individuals,credit_activity_and_stress,2026-07,12.6,https://www.bankofengland.co.uk/statistics/money-and-credit/2026/august-2026
GBR,2026,2026-Q2,ukfinance_homeowner_mortgages_in_arrears_2_5plus,77940,mortgages,uk_finance,quarterly,first charge homeowner mortgages from UK Finance members,realised_distress,2026-Q1,,https://www.ukfinance.org.uk/data-and-research/data/arrears-and-possessions
GBR,2026,2026-Q2,ukfinance_homeowner_mortgages_in_arrears_2_5plus_share,0.89,percent of outstanding mortgages,uk_finance,quarterly,first charge homeowner mortgages from UK Finance members,realised_distress,,,https://www.ukfinance.org.uk/data-and-research/data/arrears-and-possessions
GBR,2024,2022-05_to_2024-05,fca_credit_refusal_rate,22,percent of regulated credit applicants,fca,roughly biennial nationally representative survey,UK adults applying for regulated credit in prior two years,structural_unmet_need,2020-05_to_2022-05,24,https://www.fca.org.uk/publication/financial-lives/financial-lives-survey-2024-key-findings.pdf
